{"train_loss":7.922802925109863,"_wandb":{"runtime":90},"_runtime":90.547503833,"_step":3,"val_loss":8.906339645385742,"_timestamp":1.7708069007918131e+09}