{"_runtime":14.509262833,"_step":0,"learning_rate":0,"_timestamp":1.7708164169179819e+09,"_wandb":{"runtime":14}}