{"_wandb":{"runtime":59},"_runtime":59.252716417,"val_loss":12.48483657836914,"_timestamp":1.7708070211683068e+09,"_step":3,"train_loss":23.567413330078125}