{"_timestamp":1.7708069603620439e+09,"train_loss":6.51369047164917,"_wandb":{"runtime":57},"_runtime":57.737182959,"_step":3,"val_loss":9.876531600952148}