{"val_loss":9.277559280395508,"_step":19,"train_loss":8.78329086303711,"_wandb":{"runtime":176},"_runtime":176.5688815,"learning_rate":1.0983357966978745e-05,"_timestamp":1.770808912016535e+09}