{"_runtime":8.40454975,"_step":0,"learning_rate":0,"_timestamp":1.770853993369727e+09,"_wandb":{"runtime":8}}