{"learning_rate":0,"_timestamp":1.770808696672562e+09,"_runtime":15.739409792,"_wandb":{"runtime":15},"_step":0}