{"_timestamp":1.7708513153117912e+09,"_step":0,"_wandb":{"runtime":8},"_runtime":8.692200416,"learning_rate":0}