{"learning_rate":0,"_timestamp":1.7708512866594582e+09,"_wandb":{"runtime":9},"_runtime":9.315856833,"_step":0}