{"_runtime":50.337339542,"val_loss":45.57347869873047,"_timestamp":1.7708070732992268e+09,"_step":3,"train_loss":168.48892211914062,"_wandb":{"runtime":50}}