{"_timestamp":1.770850506219469e+09,"_step":0,"learning_rate":0,"_wandb":{"runtime":20},"_runtime":20.562921292}